{"cameraMode":{"drawMode":0,"name":"Shaded","section":"Shading Mode"},"sceneLighting":true,"audioPlay":false,"sceneViewState":{"showFog":true,"showMaterialUpdate":false,"showSkybox":true,"showFlares":true,"showImageEffects":true,"showParticleSystems":true,"showVisualEffectGraphs":true,"m_FxEnabled":true},"in2DMode":false,"pivot":{"x":20.773040771484376,"y":14.494987487792969,"z":104.80888366699219},"rotation":{"x":0.14648228883743287,"y":0.04403596371412277,"z":-0.006448703818023205,"w":0.9882118701934815},"size":1.0167732238769532,"orthographic":false}